name,age,email
John Doe,25,johndoe@example.com
Jane Smith,,janesmith@example.com
Michael Johnson,30,michaeljohnson@example.com
Emily Davis,,emilydavis@example.com
Alex Brown,28,alexbrown@example.com
Sarah Wilson,27,sarahwilson@example.com
Matthew Miller,,matthewmiller@example.com
Emma Moore,32,emmamoore@example.com
David Lee,,davidlee@example.com
Olivia White,29,oliviawhite@example.com
James Harris,,jamesharris@example.com
Sophia Clark,26,sophiaclark@example.com
Liam Lewis,,liamlewis@example.com
Isabella Hall,23,isabellahall@example.com
Ethan Young,31,ethanyoung@example.com
Mason King,,masonking@example.com
Mia Wright,30,miawright@example.com
Lucas Walker,28,lucaswalker@example.com
Charlotte Scott,,charlottescott@example.com
Benjamin Turner,34,benjaminturner@example.com
Amelia Hill,29,ameliahill@example.com
Logan Green,,logangreen@example.com
Abigail Adams,27,abigailadams@example.com
Jacob Baker,25,jacobbaker@example.com
Ava Nelson,,avanelson@example.com
William Carter,33,williamcarter@example.com
Sophia Perez,22,sophiaperez@example.com
Henry Martinez,26,henrymartinez@example.com
Lily Roberts,,lilyroberts@example.com
Daniel Rodriguez,32,danielrodriguez@example.com