name,email,age
John Smith,johnsmith@email.com,42
Sarah Johnson,,35
Michael Brown,michaelbrown@email.com,
Emma Wilson,emmawilson@email.com,29
David Lee,,
Olivia Taylor,oliviataylor@email.com,31
James Anderson,jamesanderson@email.com,47
Sophia Martinez,,39
William Thompson,williamthompson@email.com,52
Ava Garcia,avagarcia@email.com,26
Robert Clark,,
Mia Rodriguez,miarodriguez@email.com,33
Joseph Lewis,josephlewis@email.com,45
Charlotte Walker,,
Daniel Hall,danielhall@email.com,38
Elizabeth Young,,30
Thomas Allen,thomasallen@email.com,
Andrew Scott,andrewscott@email.com,41
Amelia Green,,
Matthew Baker,,36
Sofia King,sofiaking@email.com,28
Christopher Wright,christopherwright@email.com,49
Evelyn Lopez,,
Benjamin Hill,benjaminhill@email.com,34
Chloe Adams,chloeadams@email.com,
Nicholas Carter,,43
Grace Turner,graceturner@email.com,27
Ryan Phillips,ryanphillips@email.com,50
Zoe Campbell,,
Jonathan Morris,jonathanmorris@email.com,37
Hannah Parker,,32
Kevin Ross,kevinross@email.com,
Lily Evans,lilyevans@email.com,40
Justin Cook,,
Victoria Rogers,victoriarogers@email.com,29
Brandon Reed,,46
Addison Bailey,addisonbailey@email.com,
Caleb Bell,calebbell@email.com,33
Natalie Murphy,,
Isaac Cooper,isaaccooper@email.com,39
Audrey Richardson,,31
Luke Ward,lukeward@email.com,
Claire Foster,clairefoster@email.com,44
Nathan Cox,,
Leah Gray,leahgray@email.com,28
Owen Price,owenprice@email.com,51
Zoey Wood,,
Connor Bennett,connorbennett@email.com,36
Penelope Hughes,,30
Gavin Flores,gavinflores@email.com,
Aubrey Washington,aubreywashington@email.com,42
Dominic Butler,,
Nora Simmons,norasimmons@email.com,27
Hudson Barnes,hudsonbarnes@email.com,48
Skylar Coleman,,
Sawyer Jenkins,sawyerjenkins@email.com,35
Paisley Perry,,29
Jeremiah Powell,jeremiahpowell@email.com,
Luna Long,lunalong@email.com,41
Maxwell Foster,,
Bella Sullivan,bellasullivan@email.com,26
Ezra Henderson,,44
Stella Peterson,stellapeterson@email.com,
Elias Bryant,eliasbryant@email.com,38
Hazel Russell,,32
Silas Griffin,silasgriffin@email.com,
Violet Diaz,violetdiaz@email.com,47
Miles Hayes,,
Scarlett Ford,scarlettford@email.com,30
Axel Mcdonald,axelmcdonald@email.com,53
Willow Gonzalez,,
Roman Wells,romanwells@email.com,37
Ruby Ramos,,33
Asher Alexander,asheralexander@email.com,
Aria Wood,ariawood@email.com,43
Leo Marshall,,
Autumn Stone,autumnstone@email.com,28
Luca Owens,lucaowens@email.com,50
Emilia Perkins,,
Carson Olson,carsonolson@email.com,36
Kinsley Larson,,31
Maverick Beck,maverickbeck@email.com,
Eleanor Carlson,eleanorcarlson@email.com,45
Bryson Munoz,,
Aurora Jimenez,aurorajimenez@email.com,29
Jason Mendoza,jasonmendoza@email.com,52
Peyton Ruiz,,
Wesley Gibson,wesleygibson@email.com,34
Madelyn Grant,,
Xavier Zimmerman,xavierzimmerman@email.com,40
Ellie Ferguson,ellieferguson@email.com,
Theodore Holmes,,46
Delilah Nichols,delilahnichols@email.com,27
Jaxon Knight,jaxonknight@email.com,51
Naomi Herrera,,
Everett Weber,everettweber@email.com,35
Lila Lawson,,30